6672b2f79.jpg,"[20, 0, 1013, 435]",w_fd3e556
c79f6ae10.jpg,"[0, 1, 901, 515]",w_ae536d6
b4f79dfb0.jpg,"[0, 0, 1050, 273]",w_4adc1c0
a519f5eef.jpg,"[101, 0, 1050, 600]",w_518a722
503f485b7.jpg,"[121, 288, 913, 441]",w_9b5109b
1e1d67bac.jpg,"[0, 26, 1030, 419]",w_350bfd5
985438fdf.jpg,"[172, 197, 705, 369]",w_99b7ba2
1581bbfee.jpg,"[0, 143, 1050, 482]",w_6dc5981
271110fc3.jpg,"[64, 9, 802, 323]",w_8f4d879
2d71fdb02.jpg,"[346, 232, 867, 465]",w_262c32f
135484fc7.jpg,"[0, 75, 1050, 405]",w_b524f96
6098a45c1.jpg,"[0, 130, 1041, 439]",w_5a90eff
f788c17b8.jpg,"[0, 97, 1050, 428]",w_89f6097
ee87a2369.jpg,"[0, 88, 874, 439]",w_0027efa
11835e311.jpg,"[33, 6, 411, 180]",w_88e4537
cc76d2539.jpg,"[1, 11, 803, 290]",w_7860ed5
301653731.jpg,"[0, 0, 1050, 393]",w_afdac76
e01e4c432.jpg,"[0, 77, 974, 546]",w_bec9c95
a854710e7.jpg,"[9, 173, 1008, 528]",w_d6f0be4
bc657f905.jpg,"[32, 5, 1003, 632]",w_e06d673
ad49b5a6f.jpg,"[0, 46, 885, 334]",w_c097a16
ceb2479fc.jpg,"[53, 61, 981, 378]",w_b7c9e1e
01c98f7c1.jpg,"[0, 3, 1027, 426]",w_396c12b
72014896d.jpg,"[0, 60, 1050, 530]",w_99e4fe2
2109ca990.jpg,"[80, 0, 440, 204]",w_700ebb4
0654b3e5b.jpg,"[14, 0, 1015, 421]",w_5808373
8ca10c336.jpg,"[0, 23, 1050, 393]",w_32da935
9376a9ea7.jpg,"[29, 94, 1006, 379]",w_62f10a4
0ee33ee35.jpg,"[88, 0, 944, 450]",w_982f0b3
057bae8d4.jpg,"[0, 301, 1036, 610]",w_c6a96e1
a81554894.jpg,"[78, 17, 937, 438]",w_18645ff
bcba07091.jpg,"[0, 102, 1050, 499]",w_9713cc3
cb251f343.jpg,"[86, 52, 916, 413]",w_e07b79f
93ee3c598.jpg,"[0, 0, 1050, 569]",w_30f2f0f
0823f9df3.jpg,"[71, 0, 992, 518]",w_8f0c6ed
e9007353e.jpg,"[0, 0, 1049, 476]",w_40a8585
5c077dd40.jpg,"[287, 1012, 795, 1228]",w_00904a7
cd18db210.jpg,"[0, 56, 1050, 414]",w_0c76e03
63c629538.jpg,"[149, 106, 852, 600]",w_71d5ba2
4b3631d1e.jpg,"[80, 137, 964, 504]",w_82481c1
ec902a190.jpg,"[18, 327, 1014, 442]",w_15e7de5
80dff8918.jpg,"[176, 33, 876, 581]",w_0135f5f
4bcf9966a.jpg,"[56, 0, 1000, 450]",w_5077be0
a08f826e5.jpg,"[0, 0, 1050, 383]",w_b3e445e
44761ed45.jpg,"[0, 39, 1050, 403]",w_7e56d66
c82d2f74d.jpg,"[0, 74, 1050, 458]",w_fd3e556
befa85d55.jpg,"[0, 68, 1050, 489]",w_07768b0
d03fd26c7.jpg,"[0, 75, 1050, 425]",w_d4fc12d
313b51813.jpg,"[0, 71, 1043, 568]",w_a08f3cd
19a81076c.jpg,"[48, 30, 972, 554]",w_b938e96
81594c13a.jpg,"[68, 0, 972, 600]",w_4e13e82
86ea371bd.jpg,"[0, 35, 1041, 370]",w_2365d55
6f1291447.jpg,"[107, 86, 751, 320]",w_94f41dc
94b3aa71d.jpg,"[29, 0, 1016, 451]",w_c4b02b0
62d696b72.jpg,"[0, 83, 1050, 515]",w_e0f635c
3a29cc950.jpg,"[39, 48, 1029, 569]",w_e966f36
ec347cff7.jpg,"[156, 0, 928, 630]",w_71d5ba2
0cdcd0625.jpg,"[0, 0, 1050, 457]",w_0718183
858602a7d.jpg,"[0, 0, 1050, 514]",w_88e4537
a610046fd.jpg,"[190, 342, 967, 541]",w_a9304b9
0b26dd505.jpg,"[0, 0, 1050, 365]",w_8e92662
2fde77b34.jpg,"[0, 77, 1050, 513]",w_611d18b
e7a1455e9.jpg,"[94, 25, 923, 456]",w_5a3e0de
7ca9affc3.jpg,"[0, 97, 1050, 521]",w_8e88f4f
91a435a8c.jpg,"[0, 30, 1050, 600]",w_40a8585
ab65f079b.jpg,"[0, 0, 1050, 327]",w_a586dce
424689c9d.jpg,"[291, 231, 860, 530]",w_bf960fa
f412ecf74.jpg,"[0, 0, 1050, 457]",w_01fc429
855730d46.jpg,"[53, 96, 1001, 594]",w_e36fb17
607ba73d0.jpg,"[0, 30, 1050, 528]",w_6fce84d
683707539.jpg,"[63, 0, 952, 434]",w_d97c490
384e301c8.jpg,"[0, 119, 1048, 473]",w_25f1a4e
f71ce762c.jpg,"[52, 186, 977, 549]",w_edce644
2531536dc.jpg,"[25, 40, 632, 157]",w_7f0d18a
f78acfffb.jpg,"[0, 0, 1050, 293]",w_dd2873f
9aa7635db.jpg,"[0, 0, 1050, 377]",w_260ff2c
f1c87b3ba.jpg,"[0, 67, 787, 523]",w_9b89c88
5ba21e5c1.jpg,"[0, 294, 1050, 416]",w_6bab2bd
4ea6d48fe.jpg,"[0, 126, 1050, 554]",w_51e0e04
4d36abc45.jpg,"[141, 165, 920, 454]",w_0630c3e
5b4f2bfe5.jpg,"[53, 120, 1026, 497]",w_62ec5a8
00d07df97.jpg,"[0, 3, 1050, 393]",w_5650932
0d94bdad3.jpg,"[76, 15, 946, 533]",w_3de579a
9ffd7469b.jpg,"[45, 10, 343, 142]",w_c0a6881
0f682c30e.jpg,"[0, 0, 1050, 425]",w_e0b6a42
e7f1293a2.jpg,"[0, 10, 1050, 556]",w_3346f4e
c94aa3f69.jpg,"[66, 26, 935, 202]",w_f61b957
ce34b4a98.jpg,"[0, 0, 1024, 435]",w_9407749
93be8af0c.jpg,"[0, 78, 1004, 396]",w_2b49489
41c5ada61.jpg,"[0, 29, 1050, 503]",w_88e4537
7a01965f8.jpg,"[0, 0, 1050, 508]",w_c815410
58bc661b5.jpg,"[20, 186, 982, 436]",w_0135f5f
5df8b0e34.jpg,"[269, 52, 552, 381]",w_f0fe284
8fb930dfe.jpg,"[122, 160, 875, 464]",w_e79fed4
4e3c286a5.jpg,"[0, 1, 1050, 634]",w_50193ae
a07569ae5.jpg,"[44, 0, 866, 368]",w_ea902fb
d9335c801.jpg,"[0, 92, 1050, 496]",w_67153b4
5505b0d4a.jpg,"[39, 19, 643, 355]",w_61e136d
b686911e1.jpg,"[234, 275, 945, 417]",w_817d53c
a83edb385.jpg,"[0, 156, 1050, 526]",w_8f1069a
20784477b.jpg,"[48, 0, 976, 608]",w_e66ced8
d89ec398b.jpg,"[90, 109, 922, 466]",w_d68cf7c
71b00cc8e.jpg,"[62, 0, 465, 291]",w_db68456
344e4cb3f.jpg,"[6, 0, 1050, 600]",w_b8c537a
4b8a439ab.jpg,"[0, 0, 792, 481]",w_37bdff9
4d93919c9.jpg,"[219, 9, 634, 450]",w_f971ecb
96e3ba4bc.jpg,"[41, 127, 887, 426]",w_f408b56
90fbc28ea.jpg,"[92, 70, 916, 428]",w_36f2ebb
c2d946e1b.jpg,"[14, 215, 1022, 375]",w_3b03149
c6b981bca.jpg,"[29, 0, 1018, 428]",w_b5c3634
2187ec67c.jpg,"[41, 40, 999, 509]",w_4a28f21
9aee441de.jpg,"[0, 31, 1040, 429]",w_c1d2fbe
4ded3807d.jpg,"[6, 108, 903, 298]",w_ddb514d
8054868ba.jpg,"[14, 0, 1036, 366]",w_93fddcb
ab7ae0c4b.jpg,"[0, 0, 1050, 526]",w_e918d4c
77e994ff6.jpg,"[0, 47, 997, 473]",w_af367c3
d4e576cc7.jpg,"[0, 0, 1050, 450]",w_74e6a59
b8a849450.jpg,"[69, 44, 986, 601]",w_7348ed5
9ea2c58a7.jpg,"[10, 103, 1050, 438]",w_d15d8c5
70cd87d81.jpg,"[0, 0, 1050, 310]",w_f19aeb4
39e5f0b59.jpg,"[0, 184, 1050, 450]",w_9438119
e5f60803b.jpg,"[40, 0, 1013, 441]",w_55fffeb
6b0e212e6.jpg,"[0, 67, 1050, 399]",w_08d5864
8660e4a6e.jpg,"[54, 17, 986, 517]",w_23e1d57
8e4772233.jpg,"[0, 83, 1050, 476]",w_eced610
90a34c856.jpg,"[0, 0, 1050, 381]",w_1b0db58
3040781e5.jpg,"[0, 10, 1050, 460]",w_8dc6c05
84edbd5d3.jpg,"[41, 146, 1003, 464]",w_fd6a3ad
4acc5c8e9.jpg,"[0, 0, 1050, 591]",w_cd4cb49
24af3682a.jpg,"[26, 43, 1019, 377]",w_ae393cd
e24a1a59c.jpg,"[0, 0, 1050, 350]",w_ece94e8
6dfd06419.jpg,"[6, 0, 1050, 485]",w_334d7eb
05ea2c861.jpg,"[0, 273, 905, 509]",w_93ef4fa
18746ba21.jpg,"[0, 21, 1050, 510]",w_21b2790
8babd9049.jpg,"[0, 22, 1048, 441]",w_03670aa
2eb6cdce8.jpg,"[133, 98, 905, 578]",w_87d3b93
4714400cd.jpg,"[31, 104, 1014, 521]",w_67a9841
59c2c8e2a.jpg,"[25, 11, 1017, 372]",w_8ab401c
07da3da9f.jpg,"[0, 70, 1050, 440]",w_04ebfe8
aecde5944.jpg,"[0, 194, 1050, 591]",w_28c330c
f244178e4.jpg,"[0, 119, 946, 470]",w_33eb301
637f46fad.jpg,"[112, 266, 1644, 487]",w_4e864fd
b69b7f74b.jpg,"[0, 111, 1050, 536]",w_c4ebf9e
fff7faf61.jpg,"[18, 50, 1012, 394]",w_9cf0388
419d217ac.jpg,"[51, 82, 974, 584]",w_a9304b9
486f0c494.jpg,"[89, 141, 615, 323]",w_94af7fd
0c6e6c650.jpg,"[0, 73, 1025, 474]",w_9ba6731
ebdd6652b.jpg,"[488, 377, 701, 541]",w_17b0d3a
49772a356.jpg,"[0, 142, 1050, 508]",w_d3311fa
cd10f85c9.jpg,"[0, 8, 1050, 479]",w_afb4a42
90aca0a93.jpg,"[0, 19, 383, 159]",w_70d0b3c
1cb8f292a.jpg,"[0, 31, 689, 248]",w_23a388d
5233e6139.jpg,"[2, 0, 857, 380]",w_02469a1
b51f22cad.jpg,"[96, 212, 661, 440]",w_9e58786
d30992acb.jpg,"[28, 127, 1015, 444]",w_88e4537
29fc6ff1c.jpg,"[0, 39, 900, 352]",w_af8df07
730f39597.jpg,"[0, 45, 640, 270]",w_351a377
5069af2f0.jpg,"[153, 84, 779, 505]",w_b3ca4b7
3d7f4c7d5.jpg,"[91, 26, 962, 567]",w_04003e9
eae9149f7.jpg,"[0, 8, 1050, 398]",w_e6dfc39
52c905c5c.jpg,"[23, 129, 999, 384]",w_d1b3a00
9c88e1f32.jpg,"[0, 67, 1050, 459]",w_698fcbe
4a884b424.jpg,"[27, 18, 162, 88]",w_c31e72f
2d7ede381.jpg,"[0, 0, 1050, 481]",w_dd88965
f8620eaed.jpg,"[67, 60, 976, 415]",w_9b5109b
ea344cbce.jpg,"[0, 45, 1050, 412]",w_9340ca3
346010788.jpg,"[0, 0, 1050, 424]",w_33fccbe
606d7764d.jpg,"[36, 109, 995, 551]",w_553d1ef
2e7383da5.jpg,"[0, 4, 1050, 411]",w_12fe3a8
32a02e009.jpg,"[0, 0, 1050, 426]",w_c170c5d
e59f79383.jpg,"[84, 0, 961, 577]",w_60ce6fc
2fb1c1b90.jpg,"[0, 0, 1033, 336]",w_83a4279
beceb2294.jpg,"[20, 151, 882, 330]",w_48fa708
6d6db5827.jpg,"[0, 154, 1050, 500]",w_7a3f10d
2d16e5789.jpg,"[417, 302, 742, 438]",w_611d18b
9af5150f3.jpg,"[6, 0, 940, 403]",w_e25b062
310afe421.jpg,"[32, 173, 985, 622]",w_8a1b71c
54b4895f4.jpg,"[113, 101, 906, 468]",w_f201548
7bfe99d6f.jpg,"[0, 130, 1050, 542]",w_f66ec54
fdda50025.jpg,"[0, 92, 933, 416]",w_29e8496
3acb302fb.jpg,"[0, 57, 1050, 617]",w_c0bf8f8
84e0b393f.jpg,"[0, 75, 1050, 465]",w_27a6304
91479789e.jpg,"[0, 0, 1050, 348]",w_f0eddab
7627c907f.jpg,"[0, 4, 1050, 321]",w_f276da3
92c41dd6a.jpg,"[0, 115, 1050, 395]",w_7e9df91
6640bb4d4.jpg,"[139, 0, 914, 460]",w_0eab54f
ad48edd04.jpg,"[41, 21, 1029, 558]",w_9c506f6
d810d0079.jpg,"[17, 236, 1000, 394]",w_2a7f00f
b37ff32ac.jpg,"[7, 96, 1036, 448]",w_f61b957
a7e25cad5.jpg,"[10, 3, 473, 177]",w_700ebb4
a8f15cc02.jpg,"[0, 0, 1050, 310]",w_a05181b
e91b93c2d.jpg,"[0, 105, 1047, 557]",w_0c80c53
23d604112.jpg,"[0, 33, 1050, 506]",w_cf1551f
557c56974.jpg,"[0, 55, 1050, 420]",w_04003e9
776ee30d0.jpg,"[0, 0, 1050, 426]",w_5a8902d
997614833.jpg,"[48, 24, 961, 383]",w_df5bf3d
90d8c5875.jpg,"[0, 0, 1050, 395]",w_60ce6fc
13114c7c2.jpg,"[0, 106, 1050, 484]",w_f3b6937
d6639f0d7.jpg,"[0, 35, 1050, 415]",w_b805777
9b785420f.jpg,"[0, 44, 1050, 477]",w_9713cc3
ada130053.jpg,"[0, 60, 1050, 399]",w_298f605
e604721bc.jpg,"[0, 77, 1050, 502]",w_708c3d2
227437720.jpg,"[159, 222, 687, 373]",w_db1f3de
dd4cfa29f.jpg,"[94, 97, 934, 491]",w_4ba728f
92802f194.jpg,"[22, 130, 1014, 454]",w_6ca173f
323e84269.jpg,"[39, 0, 1016, 450]",w_c1d2fbe
960ead652.jpg,"[51, 75, 996, 546]",w_9c506f6
8cbd319e8.jpg,"[59, 55, 678, 336]",w_17a3a21
b70958f47.jpg,"[74, 149, 950, 323]",w_9b5109b
908598f97.jpg,"[0, 0, 1050, 429]",w_336e046
39bc98b54.jpg,"[0, 0, 1023, 432]",w_d0475b2
172ec7dfa.jpg,"[0, 133, 1050, 417]",w_099bcbc
c72ef3d02.jpg,"[231, 267, 815, 439]",w_2972f31
c9d7494b1.jpg,"[174, 120, 876, 475]",w_3de579a
54a5608d9.jpg,"[98, 140, 914, 408]",w_ae8982d
028e0f415.jpg,"[0, 177, 1050, 615]",w_f276da3
12670516b.jpg,"[65, 102, 944, 453]",w_0369a5c
4f7706e20.jpg,"[82, 64, 952, 483]",w_6f0cbe3
0bda0c14f.jpg,"[0, 0, 1037, 306]",w_c562eba
4912cd5bb.jpg,"[0, 96, 1050, 413]",w_538259a
d5df8a22c.jpg,"[61, 97, 973, 564]",w_2745292
41fed9cca.jpg,"[138, 47, 829, 385]",w_564a34b
f344a24e2.jpg,"[21, 219, 990, 490]",w_6c886f0
c7977e6c7.jpg,"[0, 0, 1050, 368]",w_55782b0
1716f46fc.jpg,"[0, 75, 1040, 474]",w_f8c22dc
8c36b5f86.jpg,"[0, 0, 664, 285]",w_6caff0f
3f62ac608.jpg,"[473, 90, 822, 222]",w_659bdb8
1feebdcf0.jpg,"[1, 93, 788, 359]",w_b02ac52
982e8ab63.jpg,"[0, 111, 1050, 534]",w_694a615
ac242fd30.jpg,"[320, 93, 688, 462]",w_71dfca3
02e5c6e80.jpg,"[3, 0, 998, 377]",w_cda3971
5317edfd4.jpg,"[0, 107, 695, 372]",w_d236b51
f76c373fb.jpg,"[0, 0, 634, 284]",w_8b813a5
60a3f2422.jpg,"[0, 12, 1050, 450]",w_7a8ce16
88b11f28d.jpg,"[22, 93, 1050, 508]",w_addd610
9e762a7e1.jpg,"[0, 37, 512, 198]",w_bc285a6
c37bb11ec.jpg,"[0, 43, 1050, 502]",w_853aa18
65131b5fc.jpg,"[37, 0, 1013, 488]",w_6822dbc
4d5e0a310.jpg,"[0, 223, 1050, 567]",w_1f41b98
5f4c98e03.jpg,"[0, 0, 1050, 431]",w_15b3f09
eaba4ac87.jpg,"[8, 15, 642, 378]",w_d980663
4defe2fc2.jpg,"[37, 80, 1015, 624]",w_aee9487
cfabe1bfc.jpg,"[0, 85, 1050, 547]",w_fd3e556
d6f3cd0f6.jpg,"[0, 91, 1050, 491]",w_fa955f1
b73c7139b.jpg,"[213, 188, 932, 498]",w_bc285a6
3705756bc.jpg,"[82, 123, 914, 489]",w_8cee3d3
64607f7fd.jpg,"[0, 303, 1050, 437]",w_218fe4a
767e99899.jpg,"[0, 0, 1050, 396]",w_872f131
8642fa3a7.jpg,"[0, 0, 1050, 450]",w_b938e96
4eba79ed5.jpg,"[0, 0, 1050, 373]",w_a190a88
a7bb9db40.jpg,"[0, 0, 1050, 493]",w_18666da
2b35eea62.jpg,"[0, 0, 1050, 390]",w_f793610
ef9efd19e.jpg,"[4, 37, 1036, 376]",w_b9c99cc
5c59d55ef.jpg,"[84, 118, 915, 279]",w_9544084
9322ebf96.jpg,"[47, 0, 999, 549]",w_bfe77d0
4a805569c.jpg,"[0, 50, 1050, 496]",w_d658a66
ae196c878.jpg,"[28, 104, 1050, 451]",w_bc285a6
813d00e53.jpg,"[105, 6, 931, 662]",w_3207433
284497625.jpg,"[0, 81, 1050, 400]",w_a5a002f
fb52d02c2.jpg,"[0, 45, 624, 247]",w_5af08bc
c24883f3f.jpg,"[0, 0, 1050, 548]",w_a113b33
3a0062726.jpg,"[6, 68, 1050, 504]",w_eaa4d20
ab45de9af.jpg,"[117, 268, 937, 467]",w_8c25681
ad3bfbd20.jpg,"[59, 157, 929, 491]",w_9f13096
8f8e865a1.jpg,"[72, 0, 631, 393]",w_04003e9
1ad877c42.jpg,"[18, 114, 1028, 477]",w_6279534
9f4c7b9c9.jpg,"[0, 49, 1050, 622]",w_4096187
329c75b33.jpg,"[127, 129, 868, 444]",w_e966f36
e58c34a4f.jpg,"[4, 0, 1009, 402]",w_4eb128b
8ed127100.jpg,"[0, 76, 1043, 518]",w_db68456
9db59ed83.jpg,"[12, 98, 1022, 431]",w_6822dbc
627dd7a49.jpg,"[89, 120, 962, 568]",w_5597026
16bcd08af.jpg,"[94, 218, 1680, 466]",w_d9a3c6e
86556a848.jpg,"[87, 0, 972, 432]",w_f737a6c
6b49dd09c.jpg,"[0, 15, 230, 112]",w_58afeb2
3d338f95b.jpg,"[0, 0, 1043, 426]",w_67a56b4
3aa71f2f2.jpg,"[32, 225, 988, 434]",w_f0fe284
1a35f5740.jpg,"[15, 0, 1016, 329]",w_2f94559
5e820d56a.jpg,"[0, 0, 1050, 321]",w_7e2eb3d
3744db538.jpg,"[0, 0, 1050, 538]",w_90fb95b
e1e3241a2.jpg,"[95, 136, 965, 511]",w_564a34b
43214e6cc.jpg,"[0, 32, 1050, 436]",w_59052ad
484c65a40.jpg,"[0, 0, 1050, 279]",w_f86b16b
e71603398.jpg,"[3, 127, 734, 401]",w_91cc02c
71f464c55.jpg,"[104, 133, 905, 415]",w_9d86594
8324c1929.jpg,"[0, 0, 1050, 490]",w_cf9055c
6e74208c6.jpg,"[0, 9, 955, 375]",w_581ba42
0f61f7349.jpg,"[74, 82, 966, 543]",w_ad6a6ca
f5c9cc520.jpg,"[26, 17, 979, 646]",w_2b39f31
bdcecd69c.jpg,"[133, 44, 893, 207]",w_5773c71
7ec61dd72.jpg,"[160, 91, 903, 523]",w_0b1e4a6
996357e1d.jpg,"[39, 74, 1033, 442]",w_fd6a3ad
fe0052cfb.jpg,"[0, 151, 1050, 523]",w_2211e6d
4700e2617.jpg,"[129, 88, 951, 466]",w_bc285a6
8c0545bb4.jpg,"[0, 34, 1049, 380]",w_c815410
108a43a61.jpg,"[0, 155, 1800, 387]",w_7e56d66
d4147b2b0.jpg,"[28, 13, 1009, 566]",w_210b625
f4628b9de.jpg,"[138, 114, 918, 570]",w_04003e9
d42c1f7f2.jpg,"[80, 232, 809, 629]",w_4132bb8
1db209fa3.jpg,"[55, 0, 968, 425]",w_6e6307e
caedb4114.jpg,"[0, 102, 1050, 553]",w_76ad1d2
cce87492e.jpg,"[87, 32, 779, 390]",w_c178056
05081c5c8.jpg,"[31, 124, 998, 487]",w_b128587
4a712216a.jpg,"[0, 95, 1050, 444]",w_409747f
00514c876.jpg,"[100, 20, 789, 290]",w_8dddbee
4724fe148.jpg,"[81, 35, 985, 619]",w_cbda0d3
3a66ad03d.jpg,"[77, 0, 837, 506]",w_d7ef410
ea205977e.jpg,"[0, 28, 1050, 501]",w_3f8ff7c
84277a5b4.jpg,"[0, 0, 1050, 340]",w_77c86af
39c4dd04d.jpg,"[0, 136, 991, 479]",w_0926777
ac7cb809a.jpg,"[13, 109, 1014, 494]",w_4c07458
dc26b38ea.jpg,"[50, 189, 958, 466]",w_9541441
c4dae154e.jpg,"[26, 180, 1016, 527]",w_fe59266
b44bed12e.jpg,"[10, 0, 1007, 338]",w_abfccb7
4058afced.jpg,"[16, 0, 837, 370]",w_b128587
d603effd2.jpg,"[112, 74, 921, 497]",w_a113b33
f737da670.jpg,"[4, 94, 1004, 454]",w_4c0a2c9
ba9bfddfe.jpg,"[35, 275, 956, 400]",w_3ebfe7a
7a7aa0154.jpg,"[0, 0, 1050, 325]",w_a4a0867
3dae4eb52.jpg,"[0, 116, 1035, 456]",w_bf41c21
053e58e3a.jpg,"[411, 301, 999, 495]",w_714f89f
0ed8ab393.jpg,"[0, 0, 1050, 400]",w_e64d9d1
d36755c08.jpg,"[16, 40, 1006, 530]",w_b128587
f3e4adab8.jpg,"[66, 97, 957, 561]",w_658f76d
dcc0c1ea2.jpg,"[155, 141, 835, 481]",w_9b5109b
3db0abc03.jpg,"[48, 0, 999, 460]",w_bdded04
35d8e19a0.jpg,"[0, 0, 930, 323]",w_d602efb
007f3eb46.jpg,"[0, 0, 1022, 410]",w_41d24c6
d35917fc5.jpg,"[36, 61, 951, 418]",w_e966f36
6faae656b.jpg,"[38, 0, 995, 436]",w_cdf834e
e253710c1.jpg,"[0, 0, 1038, 461]",w_1032bb6
439867f0f.jpg,"[0, 0, 1050, 577]",w_40a8585
8129cbbe5.jpg,"[22, 45, 1030, 520]",w_971e2c5
e18ab71b4.jpg,"[116, 415, 608, 562]",w_2c3c217
1a93fdadc.jpg,"[0, 9, 1050, 457]",w_b7cf3f5
58909134b.jpg,"[0, 39, 1050, 532]",w_fbcfe74
1e9aa4f1f.jpg,"[0, 49, 1022, 560]",w_c6b4d61
83d84e206.jpg,"[0, 77, 1050, 397]",w_1032bb6
026cf2c73.jpg,"[20, 155, 1016, 503]",w_1423c1f
02fe15b8b.jpg,"[0, 34, 877, 346]",w_c144f80
33efd86b7.jpg,"[0, 105, 1050, 393]",w_2858e46
0dcfd05bf.jpg,"[8, 6, 687, 368]",w_2694603
b3837614d.jpg,"[362, 51, 676, 510]",w_22d96e7
297e768ce.jpg,"[0, 71, 1044, 579]",w_df27de9
c5e37d1e4.jpg,"[19, 0, 1041, 363]",w_e5978cf
70bcebe6a.jpg,"[0, 64, 1050, 415]",w_ecd9cc4
cafbd07fa.jpg,"[0, 25, 964, 386]",w_5a2634c
dc3ebcfeb.jpg,"[0, 14, 1050, 504]",w_252d315
06ebd7587.jpg,"[0, 30, 1044, 434]",w_191bce3
441caedd6.jpg,"[0, 0, 736, 281]",w_2365d55
b8a9993be.jpg,"[64, 14, 1050, 507]",w_3d1f606
2c3a2467e.jpg,"[35, 89, 979, 387]",w_910831a
f167df7ed.jpg,"[100, 163, 906, 443]",w_cd6743e
7bae8da72.jpg,"[8, 0, 764, 250]",w_fa2ec89
8238b5b87.jpg,"[53, 270, 1028, 651]",w_03670aa
45a225765.jpg,"[149, 71, 718, 555]",w_564a34b
ae33cc43f.jpg,"[0, 0, 1050, 406]",w_b51e6f6
36b00587b.jpg,"[76, 159, 825, 437]",w_b311fb6
1551045d5.jpg,"[94, 146, 924, 442]",w_9b69214
74ef55dfa.jpg,"[107, 24, 958, 607]",w_83a4279
1da99f4bb.jpg,"[18, 100, 669, 295]",w_cbf576c
6b29760e3.jpg,"[0, 39, 525, 234]",w_697c75f
6792fb976.jpg,"[96, 0, 907, 525]",w_0d7b050
61b650708.jpg,"[0, 95, 1048, 457]",w_f6c5343
4abf203a6.jpg,"[108, 108, 928, 567]",w_4ea4f59
5dd70a268.jpg,"[0, 185, 920, 600]",w_9fc06d4
e477a9d1c.jpg,"[55, 133, 1010, 538]",w_d4661be
b0b62d888.jpg,"[0, 0, 1050, 331]",w_29a8580
e0fce9c8b.jpg,"[67, 57, 918, 208]",w_a4fb1d8
23e0317ea.jpg,"[0, 117, 1050, 517]",w_27597ff
37e8c5bad.jpg,"[2, 145, 1000, 513]",w_b953028
199c7494a.jpg,"[0, 0, 1050, 388]",w_67153b4
92fc1c9cf.jpg,"[0, 0, 1050, 370]",w_4a9436a
ac6e6b109.jpg,"[0, 228, 1050, 668]",w_d494351
2321e8f39.jpg,"[0, 0, 1013, 328]",w_41301dd
b5b407863.jpg,"[0, 56, 900, 382]",w_5116e7e
892ca358c.jpg,"[34, 0, 1047, 600]",w_b7d68af
8519be440.jpg,"[0, 71, 1050, 419]",w_640a24a
b24c447f7.jpg,"[38, 0, 672, 413]",w_4516ff1
45ca35fde.jpg,"[0, 0, 1050, 541]",w_2f67f0a
4eb9b51de.jpg,"[2, 10, 1046, 532]",w_803ad0d
3c8685029.jpg,"[3, 0, 972, 519]",w_551165a
f1a9f5b30.jpg,"[51, 1, 983, 411]",w_efbdcbc
407d399ef.jpg,"[26, 0, 1008, 450]",w_83d10c1
06f5360e9.jpg,"[0, 28, 1050, 618]",w_a743e09
0b1377e45.jpg,"[62, 145, 950, 533]",w_4ea4f59
05d5db36c.jpg,"[77, 221, 935, 406]",w_ba4f96c
c99beffb2.jpg,"[0, 0, 1024, 394]",w_5e8e218
97bb27130.jpg,"[76, 37, 975, 407]",w_567502c
3fa8de04c.jpg,"[287, 268, 711, 405]",w_4c0a2c9
0752633be.jpg,"[0, 0, 850, 391]",w_94a0d4e
579cb55a9.jpg,"[0, 10, 1050, 503]",w_2e374c0
e6ed76ea7.jpg,"[83, 15, 950, 522]",w_e1f57e7
da511e523.jpg,"[188, 183, 662, 383]",w_a113b33
b5bcf8c0f.jpg,"[0, 160, 1050, 296]",w_8dc893c
e880a0ac6.jpg,"[0, 234, 1050, 380]",w_23a388d
9939579b0.jpg,"[25, 70, 724, 221]",w_bf960fa
ff8532541.jpg,"[0, 0, 1050, 335]",w_84308d6
4b227fe93.jpg,"[92, 104, 935, 447]",w_17b0d3a
3f03aac80.jpg,"[71, 74, 958, 456]",w_05b4b0c
db0e1f4f8.jpg,"[0, 0, 1050, 541]",w_dec7ffd
639d8a2bd.jpg,"[189, 167, 835, 486]",w_efa100e
f06027103.jpg,"[21, 0, 1003, 415]",w_e164857
b042a4bf8.jpg,"[0, 128, 1050, 517]",w_3635d34
661e90403.jpg,"[0, 130, 1050, 442]",w_591a2c5
afd7136b1.jpg,"[0, 0, 1042, 408]",w_0cfae04
5c622efaa.jpg,"[43, 0, 1014, 548]",w_f3b2948
89d5305d4.jpg,"[53, 0, 946, 457]",w_894296c
bcdf7c94f.jpg,"[0, 68, 1050, 499]",w_62fc862
c37f50588.jpg,"[0, 0, 922, 395]",w_3aa8e97
694146fe2.jpg,"[9, 0, 1030, 437]",w_d405854
a4a377911.jpg,"[433, 340, 662, 512]",w_04d4568
dd231c005.jpg,"[14, 41, 1013, 386]",w_b423e9b
c1d6c41df.jpg,"[0, 56, 1050, 471]",w_2137c6f
1c054f43b.jpg,"[134, 151, 887, 471]",w_2112103
3a7c489f1.jpg,"[0, 0, 900, 433]",w_2e9d1b5
1fe4d6a65.jpg,"[1, 82, 1050, 548]",w_990921b
11f98ade5.jpg,"[0, 59, 1050, 399]",w_b71ac68
e8a32ec5f.jpg,"[0, 72, 1050, 510]",w_f971ecb
c3c8c2a13.jpg,"[22, 68, 1010, 497]",w_af367c3
701c112ef.jpg,"[0, 164, 1050, 534]",w_2644b11
f3c307a31.jpg,"[0, 76, 1050, 470]",w_b9bae7f
7b7a81d11.jpg,"[0, 53, 828, 375]",w_05fbf14
c5a106f9d.jpg,"[213, 26, 779, 581]",w_9472e22
e659fbfef.jpg,"[0, 98, 1050, 553]",w_26c0ffd
117eff442.jpg,"[23, 36, 1006, 425]",w_f74a89e
413ff6cf0.jpg,"[41, 0, 984, 444]",w_d72771c
8465251e9.jpg,"[0, 91, 1050, 398]",w_f10d0eb
6e434d133.jpg,"[0, 67, 1050, 589]",w_a79a828
3f71a4b9a.jpg,"[0, 0, 1050, 436]",w_b1f637e
6538ef17f.jpg,"[63, 0, 953, 423]",w_8a1b71c
15669e0e6.jpg,"[0, 14, 1050, 386]",w_e9cf335
bbcc2f36f.jpg,"[0, 32, 843, 353]",w_4dfeafc
d063e1e14.jpg,"[59, 93, 998, 355]",w_465e27a
3bd1e469d.jpg,"[0, 0, 1050, 346]",w_afe2b56
2111c1e84.jpg,"[81, 30, 947, 390]",w_4e00a18
d2d8babdf.jpg,"[0, 217, 1044, 539]",w_e5d087b
833675975.jpg,"[46, 130, 972, 556]",w_0003639
c1d085e67.jpg,"[129, 140, 602, 339]",w_456646a
0fd680681.jpg,"[0, 0, 1050, 320]",w_4441671
14b98426f.jpg,"[0, 32, 1050, 352]",w_b02ac52
fe3c8da9c.jpg,"[0, 0, 1050, 403]",w_3b71107
2903152e0.jpg,"[0, 37, 756, 240]",w_711b815
3832aae71.jpg,"[0, 0, 1050, 372]",w_5773c71
ff35271c3.jpg,"[23, 0, 1028, 509]",w_eae8af4
8334d8b8f.jpg,"[0, 111, 1050, 541]",w_f1ec429
12037f781.jpg,"[39, 0, 993, 450]",w_78e6713
fb929ab01.jpg,"[0, 0, 1026, 421]",w_dd88965
e83ac6e37.jpg,"[188, 288, 693, 448]",w_6c3ec2d
e7c2005c2.jpg,"[0, 72, 1050, 220]",w_ba77e9c
dc6df930c.jpg,"[205, 274, 846, 456]",w_b71ac68
7be57404b.jpg,"[0, 113, 1050, 586]",w_76b8e6f
47e04b769.jpg,"[60, 144, 972, 556]",w_dee1053
09863f552.jpg,"[0, 16, 956, 317]",w_6f9f759
d512069c2.jpg,"[0, 78, 1050, 437]",w_6fe3dac
2354879ce.jpg,"[0, 11, 1050, 449]",w_04003e9
546155f06.jpg,"[96, 348, 813, 596]",w_dc651ad
f9e5428f8.jpg,"[65, 23, 469, 186]",w_9a91c1e
238d5171c.jpg,"[97, 155, 919, 436]",w_446a02d
9fe13032a.jpg,"[0, 79, 1050, 480]",w_aaf5ab5
e29fc82ff.jpg,"[50, 189, 942, 481]",w_c058057
ca1895a91.jpg,"[171, 127, 854, 451]",w_2136d08
f6d1e4fa2.jpg,"[0, 13, 630, 263]",w_be4f189
1ba60a369.jpg,"[14, 0, 606, 255]",w_6e0afa2
41b3dc3df.jpg,"[0, 57, 1050, 420]",w_2ed0acc
d79123e61.jpg,"[0, 98, 1050, 496]",w_4441671
ba5c8b70f.jpg,"[0, 0, 1050, 435]",w_7ba6d48
47d503102.jpg,"[0, 41, 1050, 511]",w_4dcdda3
7e3e5bb93.jpg,"[0, 0, 1050, 377]",w_50e8d58
1d06f0c57.jpg,"[0, 84, 1050, 503]",w_bb56867
204c7a64b.jpg,"[114, 59, 924, 477]",w_003bae6
b05d79c0d.jpg,"[0, 0, 1028, 390]",w_550ca18
ca7382332.jpg,"[16, 109, 1007, 592]",w_3b03149
979e39179.jpg,"[54, 0, 985, 362]",w_d3b46e7
33bb2cc90.jpg,"[0, 0, 1050, 345]",w_274d994
64e832cf4.jpg,"[0, 49, 637, 320]",w_f0fe284
d4ae5390d.jpg,"[0, 10, 1050, 453]",w_9a77724
f9f09e010.jpg,"[0, 1, 1050, 431]",w_1289b63
d05cacdfb.jpg,"[0, 36, 1050, 448]",w_1f85037
5a8df5f64.jpg,"[0, 134, 963, 297]",w_8a235b6
d707abd4d.jpg,"[0, 0, 1050, 490]",w_c1b90d1
6276c95df.jpg,"[0, 104, 1050, 586]",w_700ebb4
23b6535ce.jpg,"[0, 47, 1050, 400]",w_5816f86
793c2b982.jpg,"[0, 104, 1050, 221]",w_9e020d1
f6218e09a.jpg,"[42, 0, 977, 429]",w_bbfce38
b164bd1f2.jpg,"[0, 33, 1050, 474]",w_da011a1
a44183f9b.jpg,"[2, 134, 1029, 517]",w_e8c5ff0
1645c3b02.jpg,"[46, 173, 994, 469]",w_60f11fb
1ea4dca23.jpg,"[0, 89, 1050, 555]",w_3c966be
2bab774aa.jpg,"[31, 203, 972, 551]",w_d72771c
bc56ec542.jpg,"[10, 0, 1014, 374]",w_5773c71
f0a811d6c.jpg,"[0, 141, 1000, 472]",w_551f361
abf07a928.jpg,"[0, 20, 900, 347]",w_1286f9e
e83e4a160.jpg,"[50, 0, 980, 339]",w_3002b59
20c2f5b8d.jpg,"[30, 8, 1013, 549]",w_4e13e82
f708d0ee6.jpg,"[0, 117, 1030, 397]",w_cbd5013
e91d88ec3.jpg,"[40, 0, 1003, 432]",w_c5bb7bb
7308f370d.jpg,"[0, 102, 1050, 434]",w_3b03149
3f5108948.jpg,"[0, 198, 1050, 530]",w_efcbb06
a05716867.jpg,"[7, 0, 882, 394]",w_217fc01
7010aeaeb.jpg,"[0, 0, 1050, 290]",w_a79e00d
8a6c314c4.jpg,"[0, 102, 900, 445]",w_6e7cf1c
8204836e2.jpg,"[59, 133, 949, 540]",w_af367c3
803946295.jpg,"[0, 123, 1050, 446]",w_789c969
bd2df78d4.jpg,"[0, 138, 1043, 500]",w_919f33b
267df3294.jpg,"[74, 93, 928, 498]",w_d72771c
29e157313.jpg,"[0, 132, 466, 212]",w_40a1403
fae67b810.jpg,"[314, 184, 571, 408]",w_bc285a6
7fefb100c.jpg,"[0, 7, 1050, 433]",w_4fdff73
8c0f88b47.jpg,"[28, 76, 934, 465]",w_bbe90c0
7201b3b68.jpg,"[0, 67, 1050, 415]",w_144ecb6
a3014d9ff.jpg,"[0, 0, 1050, 323]",w_691f2f6
66da6c349.jpg,"[8, 10, 1004, 371]",w_81d4bd6
709817b91.jpg,"[30, 140, 990, 517]",w_a9304b9
94a9d83de.jpg,"[92, 77, 528, 283]",w_6310ac7
93df11f57.jpg,"[0, 179, 1050, 557]",w_5535fd3
0260984e4.jpg,"[0, 42, 1050, 368]",w_c379d78
0d26ab5da.jpg,"[0, 199, 1050, 501]",w_e9cf335
c62b783e2.jpg,"[117, 7, 595, 391]",w_c684a38
a4f6f2ceb.jpg,"[15, 149, 1024, 600]",w_659bdb8
85d0d5522.jpg,"[0, 0, 1046, 272]",w_6a1280c
07dcacfe6.jpg,"[186, 126, 970, 467]",w_6cda039
87f32abb4.jpg,"[28, 0, 997, 414]",w_c11f9d8
5d22fcb80.jpg,"[32, 0, 991, 311]",w_67153b4
3a0dceebd.jpg,"[12, 62, 1019, 384]",w_745ee82
b753be7c4.jpg,"[0, 95, 700, 362]",w_c59d924
57f179c66.jpg,"[102, 96, 948, 537]",w_5a3e0de
e728b86c1.jpg,"[0, 71, 720, 411]",w_2cabd62
6e44bd0b4.jpg,"[0, 8, 1050, 398]",w_343f088
2403fea84.jpg,"[0, 0, 1050, 517]",w_98f16af
97f3dd6f7.jpg,"[0, 101, 1016, 251]",w_350a5ba
5930086de.jpg,"[100, 65, 940, 387]",w_aabdf8c
5cfc61119.jpg,"[0, 9, 1050, 343]",w_3ec7fa2
c1a21e4d6.jpg,"[33, 15, 1002, 447]",w_95c932d
7798cad6e.jpg,"[49, 34, 858, 474]",w_778e474
202bcdbdf.jpg,"[33, 41, 601, 236]",w_4b8638b
d593a9aa7.jpg,"[14, 43, 681, 347]",w_bc022c6
be0348b21.jpg,"[67, 153, 1012, 498]",w_acbedef
b386af04c.jpg,"[0, 0, 1050, 337]",w_f77e282
0165c60f3.jpg,"[0, 0, 376, 144]",w_deacb11
3b429be7e.jpg,"[6, 0, 853, 347]",w_5bf792a
d9f49579b.jpg,"[0, 132, 1050, 473]",w_ab7c369
45c061cf5.jpg,"[0, 98, 1047, 504]",w_2365d55
3a2941c70.jpg,"[0, 219, 1050, 375]",w_78de8f7
66d444e7c.jpg,"[0, 17, 1050, 421]",w_0a6e626
4925dba65.jpg,"[569, 323, 825, 425]",w_5597026
4f587f3a5.jpg,"[71, 74, 974, 407]",w_d9c9d8d
a35bb0c62.jpg,"[76, 118, 935, 520]",w_6caff0f
fd921dde4.jpg,"[73, 119, 970, 482]",w_d72771c
96b4f5d03.jpg,"[21, 185, 935, 498]",w_f43d7eb
7da826c40.jpg,"[22, 0, 992, 558]",w_fa4034b
8e5f5120f.jpg,"[0, 45, 640, 247]",w_ecdef5e
710f0cb50.jpg,"[0, 56, 1050, 580]",w_d0e6e7d
1dac2f0de.jpg,"[0, 102, 768, 316]",w_b785729
c78536e83.jpg,"[28, 0, 1013, 371]",w_9785e30
2ffd3e80b.jpg,"[127, 45, 901, 600]",w_218fe4a
03bfcbcf4.jpg,"[0, 127, 1050, 548]",w_62e16d6
00a4de95e.jpg,"[69, 0, 961, 411]",w_62bb54b
1e38e1550.jpg,"[35, 0, 1026, 450]",w_6cda039
ac0395422.jpg,"[54, 63, 996, 497]",w_bd4e5dd
33e4f9948.jpg,"[204, 198, 859, 458]",w_c4b02b0
1cc05f07d.jpg,"[120, 87, 674, 365]",w_89f521e
0b2e9775f.jpg,"[30, 202, 785, 382]",w_8d71480
5e27cc7f3.jpg,"[213, 302, 794, 454]",w_7d44896
30cb6f029.jpg,"[60, 0, 954, 440]",w_b3afb40
c85280e18.jpg,"[0, 0, 1050, 402]",w_6658081
5561f8dc0.jpg,"[104, 0, 813, 429]",w_5a2634c
e3669f582.jpg,"[0, 0, 1050, 369]",w_0ee7878
6c8a7c14f.jpg,"[0, 46, 837, 301]",w_e6450bc
11e907470.jpg,"[0, 0, 1050, 351]",w_15d12c7
caecf42e0.jpg,"[9, 38, 1025, 393]",w_bb9306c
317a126f4.jpg,"[0, 53, 1000, 485]",w_0369a5c
a09796d75.jpg,"[0, 74, 1050, 462]",w_f3887f1
42dc57b4b.jpg,"[19, 0, 1023, 372]",w_9d86594
c89811104.jpg,"[34, 0, 757, 312]",w_1e283bb
8b7000520.jpg,"[20, 81, 1006, 526]",w_ba4f96c
27f8d73bc.jpg,"[43, 125, 954, 442]",w_222ba28
e6818135a.jpg,"[120, 77, 973, 492]",w_c6c60c8
34f3e506f.jpg,"[63, 29, 993, 630]",w_1b50676
d4b92316c.jpg,"[289, 354, 718, 523]",w_2b069ba
f97d3760c.jpg,"[44, 0, 617, 301]",w_3de579a
b82603e61.jpg,"[0, 0, 1050, 313]",w_9438119
540995755.jpg,"[0, 143, 900, 458]",w_ed1c5c2
8ea8b74eb.jpg,"[78, 12, 931, 343]",w_836e895
e3c398766.jpg,"[0, 3, 1050, 423]",w_e1ffbe2
b15bc79c3.jpg,"[0, 78, 1050, 466]",w_5597026
8b8ed64d1.jpg,"[0, 95, 1050, 400]",w_17338da
703ed9cc0.jpg,"[0, 112, 1050, 677]",w_733f661
24c21121e.jpg,"[0, 121, 1050, 537]",w_a933a19
f8886d86a.jpg,"[28, 131, 1022, 593]",w_bf960fa
ab6f8bddd.jpg,"[17, 241, 1009, 420]",w_4f62735
8ef6d9545.jpg,"[105, 273, 887, 558]",w_b330c85
5e8f3a16b.jpg,"[50, 22, 974, 541]",w_17b0d3a
fb1f0549f.jpg,"[0, 81, 819, 400]",w_cc85af7
851bf6d42.jpg,"[219, 153, 796, 333]",w_9387099
caacbde20.jpg,"[0, 21, 1050, 387]",w_1f0cf0a
c695dfcd4.jpg,"[0, 140, 1018, 567]",w_581ba42
c06df3c1d.jpg,"[0, 65, 1050, 461]",w_5b8b487
05db04583.jpg,"[40, 190, 630, 282]",w_6d527ff
a6807e849.jpg,"[0, 0, 1050, 450]",w_1b3c3a4
b7f79c827.jpg,"[0, 70, 1034, 519]",w_b938e96
fb11c4396.jpg,"[47, 87, 1030, 651]",w_bb443aa
9ec80de4a.jpg,"[0, 69, 1021, 410]",w_c0d11da
596ed9430.jpg,"[179, 143, 865, 451]",w_89f6097
8f1a0643f.jpg,"[182, 242, 642, 410]",w_3815890
bc65d6e46.jpg,"[85, 121, 897, 502]",w_0db2e26
c17c5fe85.jpg,"[0, 30, 1050, 410]",w_9c68fe8
028bbb7af.jpg,"[0, 0, 1050, 396]",w_0189b6d
b36da6f7c.jpg,"[0, 127, 1050, 509]",w_327175f
defed35f8.jpg,"[0, 0, 1050, 344]",w_5773c71
3b0e79690.jpg,"[46, 79, 983, 498]",w_d52a837
43caab2b3.jpg,"[0, 0, 1050, 334]",w_f0fe284
c7df9f45f.jpg,"[24, 27, 1050, 369]",w_c61a67b
3c48c62c2.jpg,"[0, 91, 1050, 375]",w_71df35a
9267b5898.jpg,"[0, 0, 1050, 574]",w_6e85f95
40b63c578.jpg,"[11, 40, 1025, 366]",w_4c07458
72c3ce75c.jpg,"[0, 0, 1050, 416]",w_a5e6557
d56bebe32.jpg,"[0, 0, 1050, 492]",w_af367c3
7fef176bb.jpg,"[0, 206, 1050, 355]",w_26301f8
20ba6a9af.jpg,"[191, 226, 744, 472]",w_d588fb4
5d9c07666.jpg,"[84, 97, 789, 382]",w_b02ac52
34a86ea3d.jpg,"[0, 24, 700, 320]",w_4362671
8d22cd69b.jpg,"[97, 0, 802, 302]",w_87d3b93
3e2aa6c52.jpg,"[0, 0, 1040, 296]",w_8157927
00e9e5122.jpg,"[38, 204, 865, 403]",w_0369a5c
c4e07c9a3.jpg,"[0, 70, 501, 197]",w_eaa5dbb
f52323c48.jpg,"[0, 3, 1045, 494]",w_5fcd8d4
2f0151ef7.jpg,"[0, 131, 1050, 501]",w_3904b99
e32365ecf.jpg,"[0, 94, 1050, 437]",w_b1abd47
031b6c2c4.jpg,"[0, 0, 1050, 336]",w_bc285a6
f6e29cdf6.jpg,"[0, 0, 1050, 359]",w_41429ea
cdb98ff89.jpg,"[0, 0, 1050, 405]",w_11ff425
aab0492a5.jpg,"[227, 303, 593, 440]",w_d405854
bf06fdc0b.jpg,"[108, 82, 565, 378]",w_c38eb22
b7e517743.jpg,"[0, 0, 1050, 460]",w_e53ba4a
02272f684.jpg,"[30, 137, 988, 539]",w_7e579dd
448f41d8e.jpg,"[57, 36, 504, 315]",w_d947e85
d42aa6128.jpg,"[0, 49, 900, 374]",w_e94b46a
3482a3f58.jpg,"[0, 80, 1050, 481]",w_b4ac550
525fce86d.jpg,"[28, 0, 690, 275]",w_d0728b9
9761f7e0e.jpg,"[102, 0, 941, 577]",w_20950a9
0fa85edea.jpg,"[0, 98, 1050, 476]",w_c158581
2b2f88cd6.jpg,"[0, 128, 726, 359]",w_bc5dbf9
393235da9.jpg,"[55, 0, 565, 370]",w_d7b6f17
c5eb7168d.jpg,"[277, 348, 734, 482]",w_f5baf10
9143d600b.jpg,"[0, 39, 1050, 370]",w_e20ff88
55beace14.jpg,"[16, 0, 1027, 445]",w_58afeb2
c80c213ca.jpg,"[84, 0, 963, 697]",w_b51a226
4d0113291.jpg,"[0, 0, 1050, 550]",w_28c330c
a14f8f354.jpg,"[36, 109, 989, 418]",w_ce1bf27
fb7b820c6.jpg,"[32, 173, 1015, 573]",w_b3197c6
4fd7552c5.jpg,"[0, 172, 1050, 415]",w_46796cc
f847a3ece.jpg,"[0, 35, 1050, 661]",w_d02f064
71aa05981.jpg,"[0, 0, 1050, 413]",w_af48048
b16022d2b.jpg,"[0, 1, 315, 134]",w_2b17316
ffa5fa27e.jpg,"[172, 206, 750, 378]",w_420254e
c447ce8fc.jpg,"[98, 106, 962, 442]",w_1f0cf0a
f3f216a23.jpg,"[0, 0, 1050, 468]",w_52464e6
4d33cec45.jpg,"[0, 294, 1050, 415]",w_fc6dd24
cc96aff15.jpg,"[20, 60, 1008, 487]",w_cc1784d
b9f6f18b9.jpg,"[0, 206, 1050, 655]",w_dfdfeeb
86388dfbc.jpg,"[24, 48, 997, 545]",w_02545ea
3591d4c06.jpg,"[0, 33, 1050, 372]",w_efe3a39
fcafa5a76.jpg,"[0, 0, 1050, 347]",w_3108dce
930517784.jpg,"[80, 10, 908, 496]",w_6d43e1d
811d674b4.jpg,"[0, 0, 1050, 309]",w_119f570
f350cee62.jpg,"[88, 0, 926, 451]",w_13c8177
5b19a6f49.jpg,"[5, 0, 1050, 624]",w_472b51c
ce76fb000.jpg,"[0, 89, 1050, 498]",w_d98ba44
1155c7d7d.jpg,"[58, 0, 1014, 450]",w_e329a65
52bbe4c5f.jpg,"[88, 74, 946, 585]",w_14e5fe2
e90d79193.jpg,"[9, 0, 1050, 560]",w_2b069ba
a5644dc6d.jpg,"[49, 20, 674, 288]",w_4516ff1
ab983263c.jpg,"[0, 50, 1050, 597]",w_d8fb98d
ac6e3cd31.jpg,"[0, 0, 1050, 399]",w_fec331a
822526061.jpg,"[0, 122, 1008, 468]",w_5e8e218
b47853f3c.jpg,"[49, 231, 887, 408]",w_45473b9
21bc29f7f.jpg,"[0, 222, 1048, 533]",w_4524517
6f0e2c090.jpg,"[411, 124, 648, 374]",w_bfcad53
771c98d56.jpg,"[45, 0, 423, 207]",w_8ea9f68
4845c6b99.jpg,"[36, 0, 998, 420]",w_d892cd9
44ec79568.jpg,"[73, 57, 968, 555]",w_2b069ba
7ddc0598a.jpg,"[0, 42, 626, 228]",w_d066f46
37ef3a456.jpg,"[0, 198, 1028, 448]",w_f73788a
243c9c87a.jpg,"[198, 266, 687, 401]",w_3eae264
97a842220.jpg,"[23, 42, 888, 384]",w_e64c432
8b9bde926.jpg,"[64, 255, 974, 408]",w_81d4bd6
24812755a.jpg,"[0, 97, 1050, 455]",w_9b6d9b7
49030aebb.jpg,"[0, 100, 842, 329]",w_42e0e40
3d2a12e83.jpg,"[93, 38, 951, 608]",w_c2a1bc4
150f85dd0.jpg,"[39, 45, 1023, 635]",w_916c746
fc33b9693.jpg,"[24, 124, 986, 525]",w_53d3f73
d30fd9c8b.jpg,"[67, 67, 958, 530]",w_6a8bad9
2092bdc4b.jpg,"[0, 101, 432, 152]",w_3eae264
a70049aff.jpg,"[0, 214, 1048, 534]",w_62ec5a8
756f90134.jpg,"[149, 0, 871, 590]",w_d72771c
061996245.jpg,"[0, 0, 1050, 395]",w_f37c434
9cfeb9e0a.jpg,"[52, 0, 982, 364]",w_c178f34
5bdc91fd0.jpg,"[37, 0, 981, 406]",w_d947e85
3788abda7.jpg,"[74, 104, 952, 286]",w_0fe6fbb
a3c34b118.jpg,"[0, 6, 1029, 385]",w_21b2790
a0f4078b6.jpg,"[36, 111, 990, 568]",w_0aed03f
f2759098e.jpg,"[83, 215, 930, 375]",w_a9a3878
c884e5997.jpg,"[25, 62, 1017, 487]",w_8e63d5c
3f7010135.jpg,"[97, 0, 930, 402]",w_5a2634c
60a300f1e.jpg,"[0, 0, 624, 229]",w_eca61e6
4372098f2.jpg,"[0, 144, 1023, 502]",w_0815d2c
4780dabe8.jpg,"[13, 95, 1016, 569]",w_d0fd41c
5c560d547.jpg,"[0, 24, 917, 386]",w_4b04d0f
dc705f9aa.jpg,"[3, 0, 587, 295]",w_a586dce
230d4cea9.jpg,"[107, 69, 931, 490]",w_be1f602
b36a2cb4c.jpg,"[25, 96, 993, 555]",w_e2372d6
fa5c50f89.jpg,"[72, 116, 943, 443]",w_9888ce0
3f094224c.jpg,"[0, 39, 1050, 550]",w_af367c3
ef4efba79.jpg,"[0, 223, 1050, 591]",w_8da30ad
f0390f6d0.jpg,"[0, 0, 968, 372]",w_c4b02b0
55818df22.jpg,"[162, 89, 862, 539]",w_fdd3687
f49d137b0.jpg,"[0, 149, 1050, 548]",w_4126cb1
023c3947f.jpg,"[12, 110, 1014, 574]",w_f459442
472b5f745.jpg,"[0, 233, 1761, 452]",w_d74498b
2a8f8289f.jpg,"[191, 224, 973, 414]",w_55b77ce
a7505ae38.jpg,"[0, 74, 1044, 500]",w_778e474
ffc0dd0dc.jpg,"[0, 3, 1050, 439]",w_4a28f21
c08466077.jpg,"[0, 122, 1050, 541]",w_05eb863
4cbf580f9.jpg,"[0, 48, 1050, 536]",w_eaed433
fcd83cb53.jpg,"[0, 272, 1031, 404]",w_c27588a
6cf4ffec7.jpg,"[0, 192, 1050, 551]",w_636b9a8
144812b75.jpg,"[95, 63, 921, 497]",w_fd6a3ad
bcaf0edac.jpg,"[0, 0, 1038, 368]",w_f2075ef
013935e54.jpg,"[0, 13, 1050, 387]",w_a8c2847
0ffc48fd2.jpg,"[0, 23, 589, 236]",w_4516ff1
5aeab8ff5.jpg,"[0, 106, 1050, 390]",w_bef54e9
8574d7725.jpg,"[0, 8, 1050, 417]",w_25f1a4e
3591e954a.jpg,"[213, 298, 656, 438]",w_3815890
c79ce1999.jpg,"[136, 0, 883, 578]",w_23a388d
b5dcac6ca.jpg,"[0, 0, 1050, 392]",w_b7babc0
e137ae989.jpg,"[0, 0, 1050, 537]",w_2f87cc7
1abfec724.jpg,"[112, 0, 904, 418]",w_1f0cf0a
09c262ec7.jpg,"[0, 167, 1050, 476]",w_6fed7c4
f726c94fc.jpg,"[67, 98, 974, 534]",w_2b069ba
1fb08207c.jpg,"[144, 88, 510, 214]",w_e27bbf6
793e50909.jpg,"[41, 2, 378, 180]",w_2745292
917576406.jpg,"[0, 0, 1050, 390]",w_3b71107
ea2153501.jpg,"[140, 40, 879, 409]",w_f74a89e
0c7cbda70.jpg,"[22, 0, 1010, 341]",w_50fd107
87cd0cbef.jpg,"[0, 71, 1050, 457]",w_e07b79f
ae5aa5cda.jpg,"[61, 12, 922, 415]",w_d4c24e6
180a18d6e.jpg,"[412, 192, 666, 391]",w_a9304b9
7d3afe1e9.jpg,"[21, 184, 764, 351]",w_6d80008
5c6b15b4a.jpg,"[127, 45, 866, 533]",w_81d4bd6
8392750d9.jpg,"[0, 18, 1050, 384]",w_16def42
b6e0ffbba.jpg,"[44, 71, 974, 480]",w_bf41c21
854d6610c.jpg,"[0, 31, 1050, 351]",w_dbf6385
0117ac323.jpg,"[19, 171, 1008, 549]",w_4516d31
2edffb4a9.jpg,"[0, 94, 1050, 489]",w_c9cf75d
553df9fa3.jpg,"[78, 10, 960, 400]",w_dcc14b3
bbd307d22.jpg,"[0, 67, 960, 646]",w_4678fbb
e7673314b.jpg,"[0, 86, 1050, 547]",w_83cc0ec
61eb9099b.jpg,"[0, 93, 1050, 403]",w_da08395
42d5bff0e.jpg,"[42, 0, 236, 146]",w_cf25b84
be676198a.jpg,"[0, 90, 1015, 422]",w_ed2b6f5
9c0b2e885.jpg,"[0, 0, 940, 454]",w_26c0ffd
57c4beddb.jpg,"[0, 94, 920, 534]",w_1217536
5f07ed369.jpg,"[0, 111, 986, 437]",w_ab7c369
22ee17753.jpg,"[111, 70, 899, 432]",w_56fe328
0b91604a1.jpg,"[0, 98, 1050, 480]",w_92c4ea5
1d2f48034.jpg,"[57, 0, 992, 346]",w_aabdf8c
0c6ad5be9.jpg,"[1, 0, 1005, 353]",w_7087c88
57ae71b4c.jpg,"[0, 0, 1050, 450]",w_90f0cd0
0d5d2ee8f.jpg,"[0, 2, 570, 233]",w_49ee8e0
349f8cced.jpg,"[0, 122, 1018, 530]",w_df32eec
2d42b6979.jpg,"[0, 0, 1050, 417]",w_5c51475
917d0baad.jpg,"[0, 112, 1050, 508]",w_5ff2049
e83948ac5.jpg,"[26, 97, 945, 455]",w_60f11fb
43d58590e.jpg,"[11, 0, 1016, 330]",w_0b1e4a6
7f7be2c12.jpg,"[0, 44, 979, 397]",w_75d0e61
c17bbdc6b.jpg,"[97, 6, 914, 477]",w_c20b4e0
024a7136d.jpg,"[0, 94, 1050, 412]",w_e04d084
5a3019810.jpg,"[0, 78, 1050, 464]",w_835a1eb
efb089722.jpg,"[86, 163, 523, 390]",w_95c7a6f
10147467d.jpg,"[0, 0, 1050, 561]",w_1e283bb
3e2c4cfd4.jpg,"[49, 83, 986, 709]",w_010f858
abe9c2389.jpg,"[0, 129, 993, 422]",w_f602022
0222d7746.jpg,"[19, 0, 1004, 352]",w_1ca9ab1
32b9a1787.jpg,"[5, 0, 1046, 399]",w_f3b2948
cf2b9cc9c.jpg,"[26, 0, 574, 261]",w_90abfeb
59fbee13c.jpg,"[0, 0, 1050, 550]",w_dea6580
9cf02af9b.jpg,"[89, 204, 908, 432]",w_d8de44c
cb895752b.jpg,"[0, 45, 1050, 364]",w_53215c6
1bce2c04b.jpg,"[0, 58, 1050, 509]",w_de3713f
4adb4709c.jpg,"[47, 0, 971, 292]",w_19f507e
2b7fe637b.jpg,"[12, 0, 602, 288]",w_0fdf741
9f392b088.jpg,"[53, 0, 486, 317]",w_778e474
2a3023480.jpg,"[0, 121, 1050, 561]",w_6fce84d
5a2da4b18.jpg,"[47, 89, 1006, 487]",w_ddf876d
f94bc6e92.jpg,"[146, 37, 865, 330]",w_f829227
4df7e261b.jpg,"[166, 108, 869, 472]",w_732d22c
f802d39ad.jpg,"[50, 216, 965, 499]",w_6e0a45b
e0017beae.jpg,"[68, 0, 973, 434]",w_748290a
b142d0dd4.jpg,"[0, 140, 1050, 572]",w_6cda039
71567f036.jpg,"[0, 60, 1050, 431]",w_5612025
42020c994.jpg,"[0, 4, 1050, 423]",w_7e579dd
e17a33da4.jpg,"[6, 0, 1034, 389]",w_655fe84
6734ad6a6.jpg,"[230, 204, 506, 362]",w_d588fb4
92b27fef6.jpg,"[75, 150, 981, 507]",w_76b8e6f
c9092c579.jpg,"[0, 145, 1050, 492]",w_1efb6fa
b93ae246c.jpg,"[0, 120, 1000, 581]",w_700ebb4
550f4cbe5.jpg,"[0, 26, 1050, 600]",w_5e8e218
cb30ba8eb.jpg,"[0, 95, 1174, 519]",w_ed2e7d6
725cd9e3b.jpg,"[0, 146, 1050, 472]",w_fccccec
137e7307f.jpg,"[0, 0, 852, 340]",w_4801beb
e4d04bcb8.jpg,"[0, 0, 1050, 301]",w_c92d4a9
34d92341d.jpg,"[0, 0, 1050, 391]",w_b3197c6
2da100a15.jpg,"[63, 85, 979, 474]",w_6e6307e
b3ba738d7.jpg,"[160, 272, 893, 476]",w_00904a7
9d123ed9b.jpg,"[0, 145, 1007, 425]",w_f0fe284
e784f4a23.jpg,"[17, 0, 1048, 385]",w_b877008
2b6027844.jpg,"[0, 0, 1000, 550]",w_c1d2fbe
5b0cf7728.jpg,"[0, 0, 1050, 474]",w_1275240
048bbca71.jpg,"[530, 84, 792, 264]",w_bbfce38
b7f4fd493.jpg,"[4, 107, 1050, 417]",w_424b5fd
b75579156.jpg,"[166, 24, 868, 424]",w_5e8e218
e249d8537.jpg,"[13, 50, 1015, 535]",w_08630fd
7edea18cb.jpg,"[0, 74, 1050, 419]",w_4c01b28
b7c668dfc.jpg,"[0, 0, 1050, 494]",w_6c6ff4f
742921fe1.jpg,"[97, 87, 961, 636]",w_71ed685
bc4bb3430.jpg,"[0, 0, 1050, 294]",w_c9fc1f5
f3d7fcab6.jpg,"[16, 177, 1030, 467]",w_9b5109b
e9bfe46e4.jpg,"[0, 30, 1050, 502]",w_9c506f6
0da5bb1b1.jpg,"[151, 180, 876, 538]",w_836581c
6ec807f6d.jpg,"[0, 2, 1050, 527]",w_be4f189
c777689d2.jpg,"[36, 22, 1031, 437]",w_9697236
009c45bc7.jpg,"[42, 12, 1012, 540]",w_2df85e7
5b3c34365.jpg,"[0, 74, 1050, 393]",w_a10e633
590fd3ee0.jpg,"[0, 81, 1033, 356]",w_3b03149
691a42d86.jpg,"[0, 119, 1050, 373]",w_13ae3d4
b16655e25.jpg,"[0, 147, 900, 415]",w_c5afe0e
ad1c2ab6b.jpg,"[0, 154, 1050, 345]",w_a84be0c
193e7f071.jpg,"[0, 87, 1050, 344]",w_3982e1e
1d4bd8607.jpg,"[0, 67, 1050, 567]",w_26b24d4
125869ae7.jpg,"[1, 0, 935, 559]",w_8c25681
2092d90b2.jpg,"[26, 0, 1004, 365]",w_7fe4082
f46117c0d.jpg,"[141, 70, 498, 300]",w_5d426b6
eb3597dec.jpg,"[49, 115, 957, 456]",w_f61b957
2d607258a.jpg,"[44, 125, 725, 251]",w_59d1835
614fd24d4.jpg,"[150, 0, 882, 450]",w_692734c
2e0c4580c.jpg,"[0, 0, 1050, 700]",w_234d686
a4c0b6772.jpg,"[0, 34, 1050, 400]",w_8a1786f
828ab457e.jpg,"[8, 29, 1050, 398]",w_8f1a60f
848acc823.jpg,"[143, 0, 900, 600]",w_60ce6fc
7b2b6d8a6.jpg,"[0, 3, 1050, 411]",w_60cf87c
a58954849.jpg,"[0, 0, 1050, 354]",w_408f9ea
f178348d0.jpg,"[88, 97, 756, 462]",w_59f4653
9d1331572.jpg,"[0, 163, 1050, 591]",w_08d62ee
34e29a50e.jpg,"[32, 69, 1022, 509]",w_03670aa
bbafa3b94.jpg,"[49, 69, 902, 449]",w_fccccec
c18f6b55b.jpg,"[0, 0, 1006, 561]",w_1788910
da71ad0e9.jpg,"[0, 60, 1050, 372]",w_2745292
ff36a2019.jpg,"[0, 111, 800, 395]",w_789c969
daff79e9f.jpg,"[104, 41, 744, 500]",w_d405854
2ff7687ea.jpg,"[0, 12, 1050, 364]",w_92f4498
4d5d6461e.jpg,"[93, 137, 971, 521]",w_564a34b
8cb518101.jpg,"[0, 208, 1050, 490]",w_9645aa9
cf6dd03da.jpg,"[99, 93, 927, 504]",w_04003e9
7c631214a.jpg,"[0, 190, 1050, 338]",w_3e9dc66
be89167b4.jpg,"[0, 235, 1050, 493]",w_e79b4d0
f347de3ce.jpg,"[0, 0, 1050, 332]",w_2ac2bac
b78968d98.jpg,"[62, 0, 961, 405]",w_4953900
e75fffc96.jpg,"[81, 0, 967, 427]",w_2df85e7
7ac0fbeb7.jpg,"[0, 19, 516, 241]",w_0655a0d
c531d3056.jpg,"[101, 0, 941, 460]",w_e01be7a
223b324f6.jpg,"[85, 0, 925, 377]",w_40acf40
2a1e9fb97.jpg,"[0, 0, 1050, 452]",w_dae7ff7
b57048db4.jpg,"[32, 0, 1001, 467]",w_6cda039
0139248b7.jpg,"[58, 128, 949, 523]",w_8a71ca4
951b3b952.jpg,"[0, 40, 934, 401]",w_69b5ace
beb71191e.jpg,"[72, 103, 954, 550]",w_78cfcbf
eb8b69ec1.jpg,"[469, 79, 702, 201]",w_c1efffb
90df5d26d.jpg,"[252, 236, 832, 455]",w_191bce3
72f2bf880.jpg,"[119, 46, 897, 410]",w_ec16cc4
16a7f84e7.jpg,"[151, 98, 939, 633]",w_3de579a
fe7a2b654.jpg,"[143, 175, 841, 468]",w_3de579a
f1de2d429.jpg,"[16, 0, 1010, 443]",w_b26717d
8b45ed9ec.jpg,"[0, 51, 1050, 680]",w_ee57fc5
524708bcb.jpg,"[0, 0, 1050, 487]",w_79843ce
d5c994038.jpg,"[269, 16, 822, 450]",w_efbdcbc
14d826fdd.jpg,"[0, 0, 1050, 307]",w_88aca21
fe9acb418.jpg,"[61, 123, 831, 469]",w_491b2e5
760bdeb06.jpg,"[0, 38, 1050, 356]",w_68ef337
0bbf8f60a.jpg,"[0, 181, 1050, 470]",w_0a4f5c9
b9b42057b.jpg,"[0, 154, 1050, 520]",w_d3e323d
fa5eec963.jpg,"[37, 16, 1050, 420]",w_6c3ec2d
2f0c584a4.jpg,"[0, 79, 1050, 543]",w_789c969
1ceace1ef.jpg,"[19, 0, 1037, 614]",w_63d6920
c6edb09c4.jpg,"[153, 260, 852, 436]",w_3976c05
d328a3d97.jpg,"[64, 126, 1034, 531]",w_f0fe284
0c4b0827e.jpg,"[0, 129, 1050, 469]",w_4690940
2e1680f92.jpg,"[42, 0, 905, 316]",w_0df7caf
c1b8f278e.jpg,"[66, 243, 991, 377]",w_d0bfef3
c88daa01d.jpg,"[35, 158, 1021, 569]",w_f546938
9805e3ddd.jpg,"[227, 277, 804, 451]",w_5f31117
8fd4e1c52.jpg,"[0, 67, 1050, 367]",w_1930599
0cac67be1.jpg,"[0, 15, 606, 227]",w_95c932d
9d9e855bf.jpg,"[0, 90, 1050, 427]",w_51a0ec9
96415a329.jpg,"[0, 0, 1050, 407]",w_d1f7ea7
a65428e04.jpg,"[81, 27, 980, 610]",w_5010896
920aeae6b.jpg,"[31, 81, 883, 351]",w_e5b21c0
1f2deb3f3.jpg,"[6, 156, 1027, 491]",w_d4e9763
229bf3faf.jpg,"[74, 0, 952, 368]",w_17b0d3a
f07957832.jpg,"[89, 107, 928, 481]",w_df27de9
426a79122.jpg,"[135, 28, 915, 606]",w_b9ee9d1
da3eb9685.jpg,"[80, 32, 1010, 520]",w_fd3e556
c048c625f.jpg,"[10, 130, 1017, 472]",w_b938e96
360a3a9d0.jpg,"[0, 0, 1050, 429]",w_1ecca2d
62fc7eb1e.jpg,"[103, 134, 736, 282]",w_722a04a
22d618bd9.jpg,"[55, 122, 973, 478]",w_9a1a810
6884cc4a5.jpg,"[37, 0, 998, 420]",w_0a619af
cbd8c40a2.jpg,"[0, 0, 1050, 385]",w_8b86b95
01425e516.jpg,"[76, 153, 945, 498]",w_581ba42
08e1a184e.jpg,"[154, 202, 902, 462]",w_104d305
1f1a6dcf8.jpg,"[131, 66, 950, 444]",w_6e7763b
830ab6274.jpg,"[0, 0, 693, 290]",w_3a1969c
cd32697ae.jpg,"[0, 0, 754, 390]",w_540d5db
4dfdb8de8.jpg,"[0, 0, 1050, 417]",w_396c07d
d5b4c4969.jpg,"[59, 96, 977, 499]",w_cbdae16
81027efba.jpg,"[0, 12, 1050, 434]",w_6822dbc
610fee532.jpg,"[194, 52, 828, 551]",w_2b069ba
db1122cdf.jpg,"[346, 62, 860, 344]",w_9b5109b
9a3ea3da2.jpg,"[339, 133, 756, 330]",w_a9304b9
b18fcea7f.jpg,"[51, 0, 980, 333]",w_8b86b95
be7ced711.jpg,"[133, 92, 634, 400]",w_cb856e6           
4838c8331.jpg,"[0, 141, 1050, 492]",w_cbb15d2
2eb82a6b3.jpg,"[0, 125, 1050, 685]",w_8ad632d
186dc4deb.jpg,"[138, 126, 879, 465]",w_f61b957
e5ceccbe6.jpg,"[36, 42, 992, 498]",w_eddd5b4
7c1501aca.jpg,"[174, 107, 837, 642]",w_564a34b
675698505.jpg,"[0, 103, 1050, 392]",w_f381082
3e57ce151.jpg,"[36, 0, 581, 200]",w_fb02461
4dc36d838.jpg,"[44, 10, 1037, 591]",w_733f661
454a78046.jpg,"[66, 0, 956, 525]",w_a7d01cb
bf71a6ff2.jpg,"[22, 40, 1019, 439]",w_6f3a3ec
74804c5e2.jpg,"[0, 10, 1050, 415]",w_902f8b0
e1400c301.jpg,"[34, 146, 993, 519]",w_d6f0be4
840dc86de.jpg,"[45, 56, 994, 516]",w_3c8b9ea
1edb31a35.jpg,"[74, 5, 962, 450]",w_ca7089b
2db0008b6.jpg,"[3, 67, 985, 527]",w_efbdcbc
9999e595b.jpg,"[44, 150, 990, 499]",w_a743e09
fa4ddcece.jpg,"[0, 68, 1050, 469]",w_a88f2c1
75da59896.jpg,"[0, 0, 1050, 317]",w_36bbd71
76f1e88fd.jpg,"[71, 166, 808, 406]",w_343f088
17f8e43ff.jpg,"[31, 3, 406, 239]",w_a059841
3c8c68129.jpg,"[191, 236, 868, 417]",w_c85ff1e
d658f1484.jpg,"[0, 0, 1050, 336]",w_986cf31
a447dc6ae.jpg,"[0, 0, 616, 269]",w_17b0d3a
5b85f4d32.jpg,"[1, 105, 1058, 492]",w_c8f9c4b
e95704629.jpg,"[11, 0, 1013, 450]",w_700ebb4
b5c16439a.jpg,"[0, 0, 864, 407]",w_811c3a3
a912d3302.jpg,"[0, 102, 1050, 502]",w_056913a
66a7e34ff.jpg,"[0, 78, 1047, 511]",w_96c5fe0
9cedfb592.jpg,"[117, 68, 965, 515]",w_bd18f3c
35e57dbe0.jpg,"[0, 0, 1050, 419]",w_446a02d
b87526349.jpg,"[0, 1, 900, 413]",w_3fe5d56
6552c55d6.jpg,"[47, 125, 943, 398]",w_444b771
306a035a1.jpg,"[134, 141, 841, 505]",w_9d95dee
70d1a6633.jpg,"[5, 221, 1011, 461]",w_6fc8edc
7a6e65900.jpg,"[74, 127, 914, 548]",w_6caff0f
fd517227f.jpg,"[0, 94, 1039, 393]",w_71df35a
56d956855.jpg,"[264, 24, 823, 408]",w_e27bbf6
44b3dca6f.jpg,"[0, 0, 809, 444]",w_60cf87c
71f3d86b6.jpg,"[0, 86, 1033, 580]",w_025911c
21bc40388.jpg,"[0, 44, 1050, 439]",w_25f1a4e
1e555128e.jpg,"[0, 0, 1050, 430]",w_b330c85
1133c08a7.jpg,"[0, 8, 1037, 392]",w_94e8c02
bf56beae3.jpg,"[204, 43, 827, 482]",w_ec32fa6
0225391f4.jpg,"[0, 0, 1044, 362]",w_8d0d921
7efcfdb99.jpg,"[0, 0, 1050, 327]",w_28c330c
5b22e19c7.jpg,"[0, 55, 1050, 559]",w_45c5396
301be5b59.jpg,"[89, 61, 965, 584]",w_94e110b
e504cceb4.jpg,"[61, 14, 955, 410]",w_d6aa3f3
c4f3e0f6a.jpg,"[0, 0, 1036, 600]",w_e99ed06
87fc2e6d7.jpg,"[0, 134, 1050, 569]",w_2f841ea
849e784de.jpg,"[0, 94, 1050, 417]",w_620dffe
8223ae8a6.jpg,"[130, 0, 884, 593]",w_4af7c01
5b93182a8.jpg,"[0, 61, 1050, 573]",w_83eaf7e
35dd9d0ec.jpg,"[194, 110, 856, 453]",w_1ff168e
04eec03fa.jpg,"[17, 80, 1008, 552]",w_0135f5f
89d12cfd4.jpg,"[0, 106, 1020, 416]",w_e6d9cdd
cc177fca4.jpg,"[0, 124, 1050, 618]",w_787af6b
b6430af24.jpg,"[57, 207, 960, 492]",w_f86b16b
05e81e346.jpg,"[75, 0, 961, 418]",w_8b86b95
f44c6c117.jpg,"[340, 246, 652, 361]",w_700ebb4
ba4598bf9.jpg,"[81, 70, 901, 500]",w_bc285a6
f315582e5.jpg,"[0, 0, 1050, 399]",w_a9a4878
60b386509.jpg,"[22, 93, 1118, 511]",w_46c4c49
f4117015c.jpg,"[68, 34, 651, 368]",w_c9a569d
ee048a5d6.jpg,"[52, 25, 479, 230]",w_038dfc0
16ad4902c.jpg,"[124, 0, 644, 424]",w_4e33dc8
d7c6da7c8.jpg,"[49, 69, 945, 324]",w_dc651ad
9702f455b.jpg,"[26, 72, 1032, 583]",w_6dbfd7a
6be7f8bf4.jpg,"[0, 27, 1050, 467]",w_b7cf3f5
