d7ce19986.jpg,"[0, 0, 1049, 403]",w_2b4b82e
d7ce19986.jpg,"[0, 0, 1049, 403]",w_2b4b82e
d7ce19986.jpg,"[0, 0, 1049, 403]",w_2b4b82e
d7ce19986.jpg,"[0, 0, 1049, 403]",w_2b4b82e
d7ce19986.jpg,"[0, 0, 1049, 403]",w_2b4b82e
d7ce19986.jpg,"[0, 0, 1049, 403]",w_2b4b82e
d7ce19986.jpg,"[0, 0, 1049, 403]",w_2b4b82e
d7ce19986.jpg,"[0, 0, 1049, 403]",w_2b4b82e
d7ce19986.jpg,"[0, 0, 1049, 403]",w_2b4b82e
d7ce19986.jpg,"[0, 0, 1049, 403]",w_2b4b82e
d7ce19986.jpg,"[0, 0, 1049, 403]",w_2b4b82e
d7ce19986.jpg,"[0, 0, 1049, 403]",w_2b4b82e
d7ce19986.jpg,"[0, 0, 1049, 403]",w_2b4b82e
d7ce19986.jpg,"[0, 0, 1049, 403]",w_2b4b82e
d7ce19986.jpg,"[0, 0, 1049, 403]",w_2b4b82e
d7ce19986.jpg,"[0, 0, 1049, 403]",w_2b4b82e
d7ce19986.jpg,"[0, 0, 1049, 403]",w_2b4b82e
d7ce19986.jpg,"[0, 0, 1049, 403]",w_2b4b82e
d7ce19986.jpg,"[0, 0, 1049, 403]",w_2b4b82e
d7ce19986.jpg,"[0, 0, 1049, 403]",w_2b4b82e
d7ce19986.jpg,"[0, 0, 1049, 403]",w_2b4b82e
d7ce19986.jpg,"[0, 0, 1049, 403]",w_2b4b82e
d7ce19986.jpg,"[0, 0, 1049, 403]",w_2b4b82e
d7ce19986.jpg,"[0, 0, 1049, 403]",w_2b4b82e
d7ce19986.jpg,"[0, 0, 1049, 403]",w_2b4b82e
d7ce19986.jpg,"[0, 0, 1049, 403]",w_2b4b82e
d7ce19986.jpg,"[0, 0, 1049, 403]",w_2b4b82e
d7ce19986.jpg,"[0, 0, 1049, 403]",w_2b4b82e
d7ce19986.jpg,"[0, 0, 1049, 403]",w_2b4b82e
d7ce19986.jpg,"[0, 0, 1049, 403]",w_2b4b82e
d7ce19986.jpg,"[0, 0, 1049, 403]",w_2b4b82e
d7ce19986.jpg,"[0, 0, 1049, 403]",w_2b4b82e
d7ce19986.jpg,"[0, 0, 1049, 403]",w_2b4b82e
d7ce19986.jpg,"[0, 0, 1049, 403]",w_2b4b82e
d7ce19986.jpg,"[0, 0, 1049, 403]",w_2b4b82e
d7ce19986.jpg,"[0, 0, 1049, 403]",w_2b4b82e
d7ce19986.jpg,"[0, 0, 1049, 403]",w_2b4b82e
d7ce19986.jpg,"[0, 0, 1049, 403]",w_2b4b82e
d7ce19986.jpg,"[0, 0, 1049, 403]",w_2b4b82e
d7ce19986.jpg,"[0, 0, 1049, 403]",w_2b4b82e
d7ce19986.jpg,"[0, 0, 1049, 403]",w_2b4b82e
d7ce19986.jpg,"[0, 0, 1049, 403]",w_2b4b82e
d7ce19986.jpg,"[0, 0, 1049, 403]",w_2b4b82e
d7ce19986.jpg,"[0, 0, 1049, 403]",w_2b4b82e
d7ce19986.jpg,"[0, 0, 1049, 403]",w_2b4b82e
d7ce19986.jpg,"[0, 0, 1049, 403]",w_2b4b82e
d7ce19986.jpg,"[0, 0, 1049, 403]",w_2b4b82e
d7ce19986.jpg,"[0, 0, 1049, 403]",w_2b4b82e
d7ce19986.jpg,"[0, 0, 1049, 403]",w_2b4b82e
d7ce19986.jpg,"[0, 0, 1049, 403]",w_2b4b82e
d7ce19986.jpg,"[0, 0, 1049, 403]",w_2b4b82e
d7ce19986.jpg,"[0, 0, 1049, 403]",w_2b4b82e
d7ce19986.jpg,"[0, 0, 1049, 403]",w_2b4b82e
d7ce19986.jpg,"[0, 0, 1049, 403]",w_2b4b82e
d7ce19986.jpg,"[0, 0, 1049, 403]",w_2b4b82e
d7ce19986.jpg,"[0, 0, 1049, 403]",w_2b4b82e
d7ce19986.jpg,"[0, 0, 1049, 403]",w_2b4b82e
d7ce19986.jpg,"[0, 0, 1049, 403]",w_2b4b82e
d7ce19986.jpg,"[0, 0, 1049, 403]",w_2b4b82e
d7ce19986.jpg,"[0, 0, 1049, 403]",w_2b4b82e
d7ce19986.jpg,"[0, 0, 1049, 403]",w_2b4b82e
d7ce19986.jpg,"[0, 0, 1049, 403]",w_2b4b82e
d7ce19986.jpg,"[0, 0, 1049, 403]",w_2b4b82e
d7ce19986.jpg,"[0, 0, 1049, 403]",w_2b4b82e
d7ce19986.jpg,"[0, 0, 1049, 403]",w_2b4b82e
d7ce19986.jpg,"[0, 0, 1049, 403]",w_2b4b82e
d7ce19986.jpg,"[0, 0, 1049, 403]",w_2b4b82e
d7ce19986.jpg,"[0, 0, 1049, 403]",w_2b4b82e
d7ce19986.jpg,"[0, 0, 1049, 403]",w_2b4b82e
d7ce19986.jpg,"[0, 0, 1049, 403]",w_2b4b82e
d7ce19986.jpg,"[0, 0, 1049, 403]",w_2b4b82e
d7ce19986.jpg,"[0, 0, 1049, 403]",w_2b4b82e
d7ce19986.jpg,"[0, 0, 1049, 403]",w_2b4b82e
d7ce19986.jpg,"[0, 0, 1049, 403]",w_2b4b82e
d7ce19986.jpg,"[0, 0, 1049, 403]",w_2b4b82e
d7ce19986.jpg,"[0, 0, 1049, 403]",w_2b4b82e
d7ce19986.jpg,"[0, 0, 1049, 403]",w_2b4b82e
d7ce19986.jpg,"[0, 0, 1049, 403]",w_2b4b82e
d7ce19986.jpg,"[0, 0, 1049, 403]",w_2b4b82e
d7ce19986.jpg,"[0, 0, 1049, 403]",w_2b4b82e
d7ce19986.jpg,"[0, 0, 1049, 403]",w_2b4b82e
d7ce19986.jpg,"[0, 0, 1049, 403]",w_2b4b82e
d7ce19986.jpg,"[0, 0, 1049, 403]",w_2b4b82e
d7ce19986.jpg,"[0, 0, 1049, 403]",w_2b4b82e
d7ce19986.jpg,"[0, 0, 1049, 403]",w_2b4b82e
d7ce19986.jpg,"[0, 0, 1049, 403]",w_2b4b82e
d7ce19986.jpg,"[0, 0, 1049, 403]",w_2b4b82e
d7ce19986.jpg,"[0, 0, 1049, 403]",w_2b4b82e
d7ce19986.jpg,"[0, 0, 1049, 403]",w_2b4b82e
d7ce19986.jpg,"[0, 0, 1049, 403]",w_2b4b82e
d7ce19986.jpg,"[0, 0, 1049, 403]",w_2b4b82e
d7ce19986.jpg,"[0, 0, 1049, 403]",w_2b4b82e
d7ce19986.jpg,"[0, 0, 1049, 403]",w_2b4b82e
d7ce19986.jpg,"[0, 0, 1049, 403]",w_2b4b82e
d7ce19986.jpg,"[0, 0, 1049, 403]",w_2b4b82e
d7ce19986.jpg,"[0, 0, 1049, 403]",w_2b4b82e
d7ce19986.jpg,"[0, 0, 1049, 403]",w_2b4b82e
d7ce19986.jpg,"[0, 0, 1049, 403]",w_2b4b82e
d7ce19986.jpg,"[0, 0, 1049, 403]",w_2b4b82e
d7ce19986.jpg,"[0, 0, 1049, 403]",w_2b4b82e
d7ce19986.jpg,"[0, 0, 1049, 403]",w_2b4b82e
d7ce19986.jpg,"[0, 0, 1049, 403]",w_2b4b82e
d7ce19986.jpg,"[0, 0, 1049, 403]",w_2b4b82e
d7ce19986.jpg,"[0, 0, 1049, 403]",w_2b4b82e